user_id,matched_user_id,action,timestamp
1,30,0,2026-09-07 23:50:22.127112
1,8,0,2026-09-07 23:50:22.129710
1,72,1,2026-09-07 23:50:22.130375
1,64,0,2026-09-07 23:50:22.130995
1,59,1,2026-09-07 23:50:22.131588
1,37,1,2026-09-07 23:50:22.132154
1,28,0,2026-09-07 23:50:22.132763
2,8,0,2026-09-07 23:50:22.133383
2,145,0,2026-09-07 23:50:22.133946
2,52,1,2026-09-07 23:50:22.134505
2,141,0,2026-09-07 23:50:22.135411
2,109,0,2026-09-07 23:50:22.136158
2,58,0,2026-09-07 23:50:22.136877
2,116,1,2026-09-07 23:50:22.137516
3,88,0,2026-09-07 23:50:22.138305
3,28,0,2026-09-07 23:50:22.139028
3,25,0,2026-09-07 23:50:22.139812
3,99,0,2026-09-07 23:50:22.140452
3,26,0,2026-09-07 23:50:22.141055
3,93,0,2026-09-07 23:50:22.141629
3,90,0,2026-09-07 23:50:22.142193
4,94,0,2026-09-07 23:50:22.142825
4,149,0,2026-09-07 23:50:22.143392
4,51,0,2026-09-07 23:50:22.143949
4,19,1,2026-09-07 23:50:22.144509
4,13,0,2026-09-07 23:50:22.145090
4,60,0,2026-09-07 23:50:22.145661
4,76,1,2026-09-07 23:50:22.146218
5,92,1,2026-09-07 23:50:22.146842
5,55,0,2026-09-07 23:50:22.147439
5,70,0,2026-09-07 23:50:22.148102
5,20,0,2026-09-07 23:50:22.148740
5,45,0,2026-09-07 23:50:22.149616
5,138,0,2026-09-07 23:50:22.150236
5,64,0,2026-09-07 23:50:22.150848
6,16,1,2026-09-07 23:50:22.151467
6,60,0,2026-09-07 23:50:22.152032
6,10,0,2026-09-07 23:50:22.152588
6,82,1,2026-09-07 23:50:22.153170
6,104,0,2026-09-07 23:50:22.153729
6,70,0,2026-09-07 23:50:22.154283
6,18,0,2026-09-07 23:50:22.154869
7,119,1,2026-09-07 23:50:22.155493
7,38,0,2026-09-07 23:50:22.156234
7,69,0,2026-09-07 23:50:22.156861
7,37,0,2026-09-07 23:50:22.157433
7,65,1,2026-09-07 23:50:22.158002
7,145,0,2026-09-07 23:50:22.158706
7,139,0,2026-09-07 23:50:22.159363
8,25,1,2026-09-07 23:50:22.159999
8,14,0,2026-09-07 23:50:22.160570
8,30,0,2026-09-07 23:50:22.161161
8,41,1,2026-09-07 23:50:22.161728
8,42,0,2026-09-07 23:50:22.162309
8,110,0,2026-09-07 23:50:22.163258
8,18,0,2026-09-07 23:50:22.164375
9,31,1,2026-09-07 23:50:22.165109
9,139,1,2026-09-07 23:50:22.165712
9,70,0,2026-09-07 23:50:22.166280
9,89,0,2026-09-07 23:50:22.166871
9,30,0,2026-09-07 23:50:22.167581
9,77,0,2026-09-07 23:50:22.168235
9,113,0,2026-09-07 23:50:22.168837
10,29,0,2026-09-07 23:50:22.169478
10,78,0,2026-09-07 23:50:22.170045
10,131,0,2026-09-07 23:50:22.170603
10,52,1,2026-09-07 23:50:22.171185
10,41,0,2026-09-07 23:50:22.171743
10,97,1,2026-09-07 23:50:22.172295
10,43,0,2026-09-07 23:50:22.172867
11,80,0,2026-09-07 23:50:22.173468
11,63,0,2026-09-07 23:50:22.174033
11,16,0,2026-09-07 23:50:22.174599
11,147,1,2026-09-07 23:50:22.175174
11,22,0,2026-09-07 23:50:22.175758
11,23,0,2026-09-07 23:50:22.176318
11,126,1,2026-09-07 23:50:22.176918
12,137,0,2026-09-07 23:50:22.177514
12,110,0,2026-09-07 23:50:22.178065
12,56,0,2026-09-07 23:50:22.178925
12,140,0,2026-09-07 23:50:22.179686
12,53,1,2026-09-07 23:50:22.180333
12,81,1,2026-09-07 23:50:22.181024
12,104,1,2026-09-07 23:50:22.181661
13,143,0,2026-09-07 23:50:22.182280
13,60,0,2026-09-07 23:50:22.182842
13,58,1,2026-09-07 23:50:22.183476
13,2,1,2026-09-07 23:50:22.184105
13,20,0,2026-09-07 23:50:22.184682
13,17,1,2026-09-07 23:50:22.185284
13,19,1,2026-09-07 23:50:22.185848
14,148,1,2026-09-07 23:50:22.186462
14,149,0,2026-09-07 23:50:22.187043
14,123,0,2026-09-07 23:50:22.187662
14,64,0,2026-09-07 23:50:22.188226
14,106,0,2026-09-07 23:50:22.188775
14,50,0,2026-09-07 23:50:22.189345
14,26,0,2026-09-07 23:50:22.189891
15,27,1,2026-09-07 23:50:22.190481
15,17,0,2026-09-07 23:50:22.191060
15,105,0,2026-09-07 23:50:22.191622
15,88,1,2026-09-07 23:50:22.192184
15,29,1,2026-09-07 23:50:22.192740
15,65,0,2026-09-07 23:50:22.193348
15,51,0,2026-09-07 23:50:22.193917
16,142,1,2026-09-07 23:50:22.194883
16,27,0,2026-09-07 23:50:22.195545
16,13,1,2026-09-07 23:50:22.196121
16,140,0,2026-09-07 23:50:22.196675
16,4,1,2026-09-07 23:50:22.197253
16,25,0,2026-09-07 23:50:22.197817
16,62,0,2026-09-07 23:50:22.198376
17,69,1,2026-09-07 23:50:22.198996
17,118,1,2026-09-07 23:50:22.199556
17,75,1,2026-09-07 23:50:22.200107
17,110,0,2026-09-07 23:50:22.200651
17,144,1,2026-09-07 23:50:22.201221
17,126,0,2026-09-07 23:50:22.201761
17,41,1,2026-09-07 23:50:22.202382
18,124,0,2026-09-07 23:50:22.203010
18,130,1,2026-09-07 23:50:22.203593
18,137,1,2026-09-07 23:50:22.204233
18,42,0,2026-09-07 23:50:22.204793
18,15,1,2026-09-07 23:50:22.205364
18,132,0,2026-09-07 23:50:22.205913
18,22,0,2026-09-07 23:50:22.206498
19,150,0,2026-09-07 23:50:22.207111
19,11,1,2026-09-07 23:50:22.207655
19,22,0,2026-09-07 23:50:22.208192
19,109,1,2026-09-07 23:50:22.208736
19,146,0,2026-09-07 23:50:22.209328
19,135,0,2026-09-07 23:50:22.209912
19,82,1,2026-09-07 23:50:22.210854
20,82,1,2026-09-07 23:50:22.211558
20,19,1,2026-09-07 23:50:22.212133
20,3,0,2026-09-07 23:50:22.212764
20,119,0,2026-09-07 23:50:22.213364
20,146,0,2026-09-07 23:50:22.213927
20,27,0,2026-09-07 23:50:22.214564
20,139,1,2026-09-07 23:50:22.215163
21,141,0,2026-09-07 23:50:22.215788
21,79,1,2026-09-07 23:50:22.216349
21,137,1,2026-09-07 23:50:22.216965
21,3,1,2026-09-07 23:50:22.217608
21,143,0,2026-09-07 23:50:22.218175
21,78,1,2026-09-07 23:50:22.218784
21,28,0,2026-09-07 23:50:22.219421
22,89,1,2026-09-07 23:50:22.220025
22,54,0,2026-09-07 23:50:22.220581
22,69,1,2026-09-07 23:50:22.221157
22,131,1,2026-09-07 23:50:22.221815
22,127,0,2026-09-07 23:50:22.222391
22,66,0,2026-09-07 23:50:22.222960
22,14,1,2026-09-07 23:50:22.223534
23,115,0,2026-09-07 23:50:22.224122
23,143,0,2026-09-07 23:50:22.224667
23,111,1,2026-09-07 23:50:22.225241
23,145,1,2026-09-07 23:50:22.225791
23,3,1,2026-09-07 23:50:22.226528
23,30,0,2026-09-07 23:50:22.227258
23,20,0,2026-09-07 23:50:22.227860
24,11,0,2026-09-07 23:50:22.228676
24,80,0,2026-09-07 23:50:22.229312
24,95,0,2026-09-07 23:50:22.229946
24,93,0,2026-09-07 23:50:22.230524
24,55,0,2026-09-07 23:50:22.231088
24,65,0,2026-09-07 23:50:22.231685
24,28,1,2026-09-07 23:50:22.232596
25,43,1,2026-09-07 23:50:22.233335
25,47,0,2026-09-07 23:50:22.233994
25,107,0,2026-09-07 23:50:22.234781
25,7,1,2026-09-07 23:50:22.235600
25,87,1,2026-09-07 23:50:22.236214
25,65,1,2026-09-07 23:50:22.236785
25,70,0,2026-09-07 23:50:22.237487
26,91,0,2026-09-07 23:50:22.238148
26,80,0,2026-09-07 23:50:22.239054
26,60,0,2026-09-07 23:50:22.239876
26,59,1,2026-09-07 23:50:22.240657
26,7,0,2026-09-07 23:50:22.241304
26,51,1,2026-09-07 23:50:22.241868
26,104,0,2026-09-07 23:50:22.242448
27,139,0,2026-09-07 23:50:22.243074
27,86,1,2026-09-07 23:50:22.243641
27,8,1,2026-09-07 23:50:22.244208
27,31,0,2026-09-07 23:50:22.244776
27,68,0,2026-09-07 23:50:22.245329
27,47,0,2026-09-07 23:50:22.245891
27,150,0,2026-09-07 23:50:22.246462
28,132,0,2026-09-07 23:50:22.247062
28,31,1,2026-09-07 23:50:22.247616
28,100,0,2026-09-07 23:50:22.248204
28,149,0,2026-09-07 23:50:22.248776
28,50,0,2026-09-07 23:50:22.249327
28,67,0,2026-09-07 23:50:22.249875
28,12,0,2026-09-07 23:50:22.250415
29,95,0,2026-09-07 23:50:22.251032
29,112,0,2026-09-07 23:50:22.251583
29,18,1,2026-09-07 23:50:22.252138
29,86,0,2026-09-07 23:50:22.252727
29,82,0,2026-09-07 23:50:22.253600
29,33,1,2026-09-07 23:50:22.254233
29,78,0,2026-09-07 23:50:22.254824
30,99,1,2026-09-07 23:50:22.255427
30,46,1,2026-09-07 23:50:22.255977
30,147,0,2026-09-07 23:50:22.256547
30,79,0,2026-09-07 23:50:22.257099
30,105,1,2026-09-07 23:50:22.257642
30,142,0,2026-09-07 23:50:22.258178
30,1,0,2026-09-07 23:50:22.258746
31,132,1,2026-09-07 23:50:22.259371
31,123,0,2026-09-07 23:50:22.259987
31,45,1,2026-09-07 23:50:22.260665
31,22,0,2026-09-07 23:50:22.261293
31,74,0,2026-09-07 23:50:22.261844
31,133,1,2026-09-07 23:50:22.262496
31,87,1,2026-09-07 23:50:22.263204
32,123,0,2026-09-07 23:50:22.263816
32,19,0,2026-09-07 23:50:22.264366
32,118,0,2026-09-07 23:50:22.264938
32,108,1,2026-09-07 23:50:22.265634
32,149,0,2026-09-07 23:50:22.266322
32,51,0,2026-09-07 23:50:22.266912
32,100,1,2026-09-07 23:50:22.267467
33,110,1,2026-09-07 23:50:22.268179
33,58,0,2026-09-07 23:50:22.268909
33,47,0,2026-09-07 23:50:22.269603
33,134,0,2026-09-07 23:50:22.270295
33,120,0,2026-09-07 23:50:22.271071
33,13,0,2026-09-07 23:50:22.271758
33,144,0,2026-09-07 23:50:22.272434
34,115,0,2026-09-07 23:50:22.273061
34,131,0,2026-09-07 23:50:22.273695
34,111,0,2026-09-07 23:50:22.274353
34,142,0,2026-09-07 23:50:22.274944
34,116,0,2026-09-07 23:50:22.275695
34,42,0,2026-09-07 23:50:22.276505
34,123,1,2026-09-07 23:50:22.277112
35,114,0,2026-09-07 23:50:22.277926
35,20,1,2026-09-07 23:50:22.278684
35,75,1,2026-09-07 23:50:22.279293
35,62,0,2026-09-07 23:50:22.279915
35,71,1,2026-09-07 23:50:22.280610
35,87,1,2026-09-07 23:50:22.281222
35,83,0,2026-09-07 23:50:22.281917
36,86,0,2026-09-07 23:50:22.282644
36,140,0,2026-09-07 23:50:22.283285
36,121,0,2026-09-07 23:50:22.283864
36,108,1,2026-09-07 23:50:22.284438
36,16,0,2026-09-07 23:50:22.285115
36,54,0,2026-09-07 23:50:22.285806
36,109,0,2026-09-07 23:50:22.286462
37,92,0,2026-09-07 23:50:22.287208
37,78,1,2026-09-07 23:50:22.287790
37,101,1,2026-09-07 23:50:22.288414
37,109,1,2026-09-07 23:50:22.288987
37,139,0,2026-09-07 23:50:22.289668
37,141,0,2026-09-07 23:50:22.290237
37,58,0,2026-09-07 23:50:22.290796
38,121,0,2026-09-07 23:50:22.291772
38,33,1,2026-09-07 23:50:22.292459
38,138,0,2026-09-07 23:50:22.293050
38,7,1,2026-09-07 23:50:22.293612
38,102,0,2026-09-07 23:50:22.294322
38,146,1,2026-09-07 23:50:22.294948
38,22,1,2026-09-07 23:50:22.295554
39,99,0,2026-09-07 23:50:22.296171
39,73,1,2026-09-07 23:50:22.296734
39,109,0,2026-09-07 23:50:22.297314
39,66,1,2026-09-07 23:50:22.297874
39,21,1,2026-09-07 23:50:22.298425
39,122,0,2026-09-07 23:50:22.298970
39,5,1,2026-09-07 23:50:22.299561
40,8,0,2026-09-07 23:50:22.300188
40,65,1,2026-09-07 23:50:22.300741
40,53,0,2026-09-07 23:50:22.301473
40,6,0,2026-09-07 23:50:22.302109
40,41,1,2026-09-07 23:50:22.302688
40,63,0,2026-09-07 23:50:22.303275
40,33,0,2026-09-07 23:50:22.303854
41,30,0,2026-09-07 23:50:22.304456
41,43,0,2026-09-07 23:50:22.305012
41,81,0,2026-09-07 23:50:22.305624
41,28,0,2026-09-07 23:50:22.306177
41,150,1,2026-09-07 23:50:22.306722
41,7,0,2026-09-07 23:50:22.307445
41,149,0,2026-09-07 23:50:22.308380
42,27,0,2026-09-07 23:50:22.309253
42,79,0,2026-09-07 23:50:22.309961
42,31,0,2026-09-07 23:50:22.310644
42,146,0,2026-09-07 23:50:22.311366
42,11,0,2026-09-07 23:50:22.311953
42,90,0,2026-09-07 23:50:22.312546
42,138,1,2026-09-07 23:50:22.313179
43,94,0,2026-09-07 23:50:22.313796
43,119,0,2026-09-07 23:50:22.314458
43,40,0,2026-09-07 23:50:22.315126
43,113,0,2026-09-07 23:50:22.315750
43,47,0,2026-09-07 23:50:22.316329
43,135,0,2026-09-07 23:50:22.316884
43,71,1,2026-09-07 23:50:22.317539
44,64,1,2026-09-07 23:50:22.318207
44,23,0,2026-09-07 23:50:22.319000
44,73,0,2026-09-07 23:50:22.319660
44,117,0,2026-09-07 23:50:22.320336
44,120,0,2026-09-07 23:50:22.321074
44,147,1,2026-09-07 23:50:22.321739
44,99,1,2026-09-07 23:50:22.322361
45,72,0,2026-09-07 23:50:22.323002
45,144,0,2026-09-07 23:50:22.324052
45,3,0,2026-09-07 23:50:22.324801
45,134,0,2026-09-07 23:50:22.325416
45,50,0,2026-09-07 23:50:22.326225
45,22,0,2026-09-07 23:50:22.326864
45,63,0,2026-09-07 23:50:22.327484
46,24,1,2026-09-07 23:50:22.328194
46,77,0,2026-09-07 23:50:22.328886
46,58,0,2026-09-07 23:50:22.329582
46,105,0,2026-09-07 23:50:22.330178
46,64,0,2026-09-07 23:50:22.330911
46,80,0,2026-09-07 23:50:22.331618
46,150,0,2026-09-07 23:50:22.332217
47,80,0,2026-09-07 23:50:22.332835
47,66,0,2026-09-07 23:50:22.333522
47,61,1,2026-09-07 23:50:22.334121
47,31,0,2026-09-07 23:50:22.334824
47,51,1,2026-09-07 23:50:22.335604
47,82,0,2026-09-07 23:50:22.336216
47,139,0,2026-09-07 23:50:22.337318
48,74,1,2026-09-07 23:50:22.338023
48,26,0,2026-09-07 23:50:22.338622
48,51,1,2026-09-07 23:50:22.339319
48,77,1,2026-09-07 23:50:22.339983
48,60,1,2026-09-07 23:50:22.340572
48,94,1,2026-09-07 23:50:22.341220
48,46,0,2026-09-07 23:50:22.341794
49,127,0,2026-09-07 23:50:22.342465
49,27,1,2026-09-07 23:50:22.343189
49,4,1,2026-09-07 23:50:22.344029
49,148,0,2026-09-07 23:50:22.344712
49,74,0,2026-09-07 23:50:22.345315
49,122,0,2026-09-07 23:50:22.346066
49,124,1,2026-09-07 23:50:22.346692
50,19,0,2026-09-07 23:50:22.347494
50,149,1,2026-09-07 23:50:22.348159
50,14,0,2026-09-07 23:50:22.348880
50,39,0,2026-09-07 23:50:22.349541
50,146,0,2026-09-07 23:50:22.350442
50,79,1,2026-09-07 23:50:22.351316
50,22,0,2026-09-07 23:50:22.352097
51,117,0,2026-09-07 23:50:22.352819
51,115,0,2026-09-07 23:50:22.353677
51,78,0,2026-09-07 23:50:22.354396
51,111,1,2026-09-07 23:50:22.354991
51,80,0,2026-09-07 23:50:22.355613
51,147,0,2026-09-07 23:50:22.356274
51,16,1,2026-09-07 23:50:22.356929
52,45,0,2026-09-07 23:50:22.357632
52,143,1,2026-09-07 23:50:22.358198
52,20,1,2026-09-07 23:50:22.358772
52,41,0,2026-09-07 23:50:22.359327
52,1,1,2026-09-07 23:50:22.359875
52,106,0,2026-09-07 23:50:22.360454
52,117,1,2026-09-07 23:50:22.361015
53,61,0,2026-09-07 23:50:22.361938
53,69,0,2026-09-07 23:50:22.362535
53,51,0,2026-09-07 23:50:22.363120
53,110,1,2026-09-07 23:50:22.363669
53,30,1,2026-09-07 23:50:22.364455
53,141,1,2026-09-07 23:50:22.365530
53,59,0,2026-09-07 23:50:22.366165
54,147,0,2026-09-07 23:50:22.366871
54,75,0,2026-09-07 23:50:22.367507
54,114,0,2026-09-07 23:50:22.368120
54,32,1,2026-09-07 23:50:22.368732
54,121,1,2026-09-07 23:50:22.369337
54,79,0,2026-09-07 23:50:22.369909
54,105,1,2026-09-07 23:50:22.370646
55,66,0,2026-09-07 23:50:22.371376
55,7,0,2026-09-07 23:50:22.371991
55,24,1,2026-09-07 23:50:22.372607
55,60,0,2026-09-07 23:50:22.373264
55,149,0,2026-09-07 23:50:22.373885
55,6,1,2026-09-07 23:50:22.374495
55,70,0,2026-09-07 23:50:22.375088
56,113,0,2026-09-07 23:50:22.375702
56,127,1,2026-09-07 23:50:22.376377
56,24,1,2026-09-07 23:50:22.377000
56,122,0,2026-09-07 23:50:22.377650
56,91,0,2026-09-07 23:50:22.378211
56,106,0,2026-09-07 23:50:22.378968
56,87,1,2026-09-07 23:50:22.379929
57,142,1,2026-09-07 23:50:22.380772
57,10,0,2026-09-07 23:50:22.381554
57,118,0,2026-09-07 23:50:22.382345
57,23,0,2026-09-07 23:50:22.383051
57,82,1,2026-09-07 23:50:22.383675
57,66,0,2026-09-07 23:50:22.384305
57,84,0,2026-09-07 23:50:22.384882
58,14,1,2026-09-07 23:50:22.385643
58,49,1,2026-09-07 23:50:22.386262
58,134,1,2026-09-07 23:50:22.386861
58,94,0,2026-09-07 23:50:22.387446
58,129,0,2026-09-07 23:50:22.388102
58,115,1,2026-09-07 23:50:22.388715
58,53,0,2026-09-07 23:50:22.389368
59,63,1,2026-09-07 23:50:22.389999
59,41,0,2026-09-07 23:50:22.390559
59,81,1,2026-09-07 23:50:22.391134
59,143,0,2026-09-07 23:50:22.391689
59,4,0,2026-09-07 23:50:22.392245
59,106,1,2026-09-07 23:50:22.392804
59,24,0,2026-09-07 23:50:22.393376
60,76,0,2026-09-07 23:50:22.393974
60,132,1,2026-09-07 23:50:22.394520
60,71,1,2026-09-07 23:50:22.395081
60,108,0,2026-09-07 23:50:22.395992
60,125,0,2026-09-07 23:50:22.397019
60,122,1,2026-09-07 23:50:22.398234
60,64,1,2026-09-07 23:50:22.399073
61,108,0,2026-09-07 23:50:22.399806
61,89,0,2026-09-07 23:50:22.400418
61,131,0,2026-09-07 23:50:22.400981
61,70,0,2026-09-07 23:50:22.401536
61,1,0,2026-09-07 23:50:22.402115
61,74,0,2026-09-07 23:50:22.402682
61,78,1,2026-09-07 23:50:22.403263
62,141,0,2026-09-07 23:50:22.403864
62,98,0,2026-09-07 23:50:22.404458
62,118,0,2026-09-07 23:50:22.405247
62,84,1,2026-09-07 23:50:22.405874
62,49,0,2026-09-07 23:50:22.406474
62,63,0,2026-09-07 23:50:22.407045
62,148,0,2026-09-07 23:50:22.407598
63,39,0,2026-09-07 23:50:22.408218
63,128,0,2026-09-07 23:50:22.408778
63,10,0,2026-09-07 23:50:22.409334
63,33,0,2026-09-07 23:50:22.409886
63,130,0,2026-09-07 23:50:22.410595
63,86,0,2026-09-07 23:50:22.411216
63,26,0,2026-09-07 23:50:22.411809
64,40,0,2026-09-07 23:50:22.412474
64,20,0,2026-09-07 23:50:22.413046
64,122,0,2026-09-07 23:50:22.413600
64,69,1,2026-09-07 23:50:22.414177
64,88,1,2026-09-07 23:50:22.414734
64,103,0,2026-09-07 23:50:22.415285
64,21,0,2026-09-07 23:50:22.415835
65,140,0,2026-09-07 23:50:22.416453
65,10,1,2026-09-07 23:50:22.417002
65,18,0,2026-09-07 23:50:22.417549
65,61,0,2026-09-07 23:50:22.418097
65,75,0,2026-09-07 23:50:22.418673
65,59,0,2026-09-07 23:50:22.419222
65,24,0,2026-09-07 23:50:22.420127
66,12,1,2026-09-07 23:50:22.420931
66,85,0,2026-09-07 23:50:22.421599
66,15,0,2026-09-07 23:50:22.422215
66,77,0,2026-09-07 23:50:22.422778
66,93,1,2026-09-07 23:50:22.423331
66,97,1,2026-09-07 23:50:22.423904
66,112,0,2026-09-07 23:50:22.424461
67,62,1,2026-09-07 23:50:22.425074
67,129,1,2026-09-07 23:50:22.425635
67,37,0,2026-09-07 23:50:22.426210
67,60,0,2026-09-07 23:50:22.426756
67,120,0,2026-09-07 23:50:22.427445
67,66,1,2026-09-07 23:50:22.428189
67,119,0,2026-09-07 23:50:22.428870
68,90,0,2026-09-07 23:50:22.429520
68,78,0,2026-09-07 23:50:22.430132
68,110,1,2026-09-07 23:50:22.430700
68,65,0,2026-09-07 23:50:22.431257
68,118,1,2026-09-07 23:50:22.431826
68,79,1,2026-09-07 23:50:22.432380
68,51,0,2026-09-07 23:50:22.433099
69,6,0,2026-09-07 23:50:22.433820
69,103,0,2026-09-07 23:50:22.434393
69,72,0,2026-09-07 23:50:22.434945
69,3,1,2026-09-07 23:50:22.435714
69,146,0,2026-09-07 23:50:22.436541
69,13,1,2026-09-07 23:50:22.437265
69,129,1,2026-09-07 23:50:22.437874
70,65,0,2026-09-07 23:50:22.438503
70,36,0,2026-09-07 23:50:22.439066
70,25,1,2026-09-07 23:50:22.439619
70,11,1,2026-09-07 23:50:22.440200
70,81,0,2026-09-07 23:50:22.440758
70,114,1,2026-09-07 23:50:22.441314
70,9,1,2026-09-07 23:50:22.441890
71,140,0,2026-09-07 23:50:22.442495
71,95,0,2026-09-07 23:50:22.443044
71,137,0,2026-09-07 23:50:22.443594
71,130,1,2026-09-07 23:50:22.444181
71,70,0,2026-09-07 23:50:22.444737
71,43,0,2026-09-07 23:50:22.445291
71,66,0,2026-09-07 23:50:22.445864
72,20,0,2026-09-07 23:50:22.446487
72,37,1,2026-09-07 23:50:22.447055
72,58,0,2026-09-07 23:50:22.447682
72,103,0,2026-09-07 23:50:22.448288
72,144,0,2026-09-07 23:50:22.448843
72,95,0,2026-09-07 23:50:22.449411
72,24,0,2026-09-07 23:50:22.449995
73,97,0,2026-09-07 23:50:22.450636
73,28,1,2026-09-07 23:50:22.451188
73,60,1,2026-09-07 23:50:22.452122
73,122,0,2026-09-07 23:50:22.452741
73,7,0,2026-09-07 23:50:22.453303
73,145,1,2026-09-07 23:50:22.453918
73,85,0,2026-09-07 23:50:22.454476
74,36,1,2026-09-07 23:50:22.455076
74,12,0,2026-09-07 23:50:22.455656
74,10,0,2026-09-07 23:50:22.456232
74,79,0,2026-09-07 23:50:22.456782
74,128,0,2026-09-07 23:50:22.457332
74,30,0,2026-09-07 23:50:22.457904
74,25,0,2026-09-07 23:50:22.458462
75,40,0,2026-09-07 23:50:22.459061
75,108,1,2026-09-07 23:50:22.459609
75,26,0,2026-09-07 23:50:22.460215
75,127,1,2026-09-07 23:50:22.460839
75,106,0,2026-09-07 23:50:22.461388
75,72,0,2026-09-07 23:50:22.461957
75,9,1,2026-09-07 23:50:22.462504
76,93,1,2026-09-07 23:50:22.463084
76,16,1,2026-09-07 23:50:22.463648
76,103,0,2026-09-07 23:50:22.464217
76,71,0,2026-09-07 23:50:22.464768
76,49,1,2026-09-07 23:50:22.465312
76,32,0,2026-09-07 23:50:22.465857
76,118,0,2026-09-07 23:50:22.466434
77,146,0,2026-09-07 23:50:22.467019
77,53,1,2026-09-07 23:50:22.468051
77,18,0,2026-09-07 23:50:22.468856
77,143,1,2026-09-07 23:50:22.469527
77,54,0,2026-09-07 23:50:22.470137
77,56,1,2026-09-07 23:50:22.470705
77,60,1,2026-09-07 23:50:22.471266
78,65,0,2026-09-07 23:50:22.471863
78,45,1,2026-09-07 23:50:22.472535
78,29,0,2026-09-07 23:50:22.473103
78,7,1,2026-09-07 23:50:22.473661
78,34,1,2026-09-07 23:50:22.474261
78,4,0,2026-09-07 23:50:22.474812
78,93,0,2026-09-07 23:50:22.475391
79,17,0,2026-09-07 23:50:22.476018
79,123,0,2026-09-07 23:50:22.476587
79,116,1,2026-09-07 23:50:22.477143
79,94,0,2026-09-07 23:50:22.477696
79,133,0,2026-09-07 23:50:22.478270
79,28,0,2026-09-07 23:50:22.478819
79,117,0,2026-09-07 23:50:22.479362
80,8,0,2026-09-07 23:50:22.479952
80,16,0,2026-09-07 23:50:22.480589
80,124,0,2026-09-07 23:50:22.481151
80,104,1,2026-09-07 23:50:22.481727
80,111,1,2026-09-07 23:50:22.482299
80,28,1,2026-09-07 23:50:22.482847
80,127,0,2026-09-07 23:50:22.483390
81,142,0,2026-09-07 23:50:22.483975
81,85,1,2026-09-07 23:50:22.484551
81,99,0,2026-09-07 23:50:22.485109
81,137,0,2026-09-07 23:50:22.485662
81,76,0,2026-09-07 23:50:22.486232
81,118,0,2026-09-07 23:50:22.486805
81,131,0,2026-09-07 23:50:22.487355
82,56,0,2026-09-07 23:50:22.487936
82,112,0,2026-09-07 23:50:22.488589
82,117,1,2026-09-07 23:50:22.489137
82,59,0,2026-09-07 23:50:22.489686
82,107,1,2026-09-07 23:50:22.490501
82,88,0,2026-09-07 23:50:22.491305
82,118,0,2026-09-07 23:50:22.491897
83,123,0,2026-09-07 23:50:22.492571
83,18,0,2026-09-07 23:50:22.493124
83,24,0,2026-09-07 23:50:22.493675
83,22,0,2026-09-07 23:50:22.494256
83,112,1,2026-09-07 23:50:22.494834
83,25,1,2026-09-07 23:50:22.495493
83,97,0,2026-09-07 23:50:22.496034
84,110,1,2026-09-07 23:50:22.496649
84,14,1,2026-09-07 23:50:22.497199
84,74,0,2026-09-07 23:50:22.497743
84,80,0,2026-09-07 23:50:22.498313
84,92,0,2026-09-07 23:50:22.498859
84,27,0,2026-09-07 23:50:22.499406
84,149,1,2026-09-07 23:50:22.499952
85,72,0,2026-09-07 23:50:22.500558
85,148,0,2026-09-07 23:50:22.501106
85,58,0,2026-09-07 23:50:22.501680
85,111,1,2026-09-07 23:50:22.502291
85,145,1,2026-09-07 23:50:22.502872
85,144,0,2026-09-07 23:50:22.503428
85,7,0,2026-09-07 23:50:22.503984
86,91,1,2026-09-07 23:50:22.504593
86,2,0,2026-09-07 23:50:22.505141
86,47,1,2026-09-07 23:50:22.505685
86,37,0,2026-09-07 23:50:22.506397
86,146,1,2026-09-07 23:50:22.507195
86,104,0,2026-09-07 23:50:22.507791
86,18,0,2026-09-07 23:50:22.508404
87,96,1,2026-09-07 23:50:22.509045
87,80,0,2026-09-07 23:50:22.509656
87,84,0,2026-09-07 23:50:22.510224
87,147,1,2026-09-07 23:50:22.510776
87,22,0,2026-09-07 23:50:22.511322
87,14,0,2026-09-07 23:50:22.511896
87,40,0,2026-09-07 23:50:22.512476
88,70,1,2026-09-07 23:50:22.513078
88,56,0,2026-09-07 23:50:22.513633
88,133,1,2026-09-07 23:50:22.514205
88,30,0,2026-09-07 23:50:22.514795
88,90,1,2026-09-07 23:50:22.515351
88,112,0,2026-09-07 23:50:22.515947
88,29,0,2026-09-07 23:50:22.516563
89,2,0,2026-09-07 23:50:22.517152
89,53,1,2026-09-07 23:50:22.517720
89,78,0,2026-09-07 23:50:22.518305
89,55,1,2026-09-07 23:50:22.518853
89,36,0,2026-09-07 23:50:22.519396
89,66,0,2026-09-07 23:50:22.519989
89,75,0,2026-09-07 23:50:22.520568
90,92,0,2026-09-07 23:50:22.521160
90,19,0,2026-09-07 23:50:22.521707
90,103,0,2026-09-07 23:50:22.522806
90,11,0,2026-09-07 23:50:22.523500
90,113,0,2026-09-07 23:50:22.524080
90,5,0,2026-09-07 23:50:22.524709
90,119,1,2026-09-07 23:50:22.525276
91,6,0,2026-09-07 23:50:22.525885
91,84,0,2026-09-07 23:50:22.526461
91,44,0,2026-09-07 23:50:22.527014
91,119,0,2026-09-07 23:50:22.527559
91,94,1,2026-09-07 23:50:22.528098
91,23,1,2026-09-07 23:50:22.528662
91,113,1,2026-09-07 23:50:22.529209
92,86,0,2026-09-07 23:50:22.529872
92,44,1,2026-09-07 23:50:22.530483
92,20,0,2026-09-07 23:50:22.531042
92,132,0,2026-09-07 23:50:22.531589
92,30,0,2026-09-07 23:50:22.532136
92,137,1,2026-09-07 23:50:22.532700
92,50,1,2026-09-07 23:50:22.533243
93,51,0,2026-09-07 23:50:22.533829
93,45,0,2026-09-07 23:50:22.534372
93,40,0,2026-09-07 23:50:22.534940
93,20,0,2026-09-07 23:50:22.535484
93,46,0,2026-09-07 23:50:22.536029
93,128,0,2026-09-07 23:50:22.536620
93,120,0,2026-09-07 23:50:22.537238
94,81,0,2026-09-07 23:50:22.537921
94,39,0,2026-09-07 23:50:22.538831
94,114,0,2026-09-07 23:50:22.539443
94,18,1,2026-09-07 23:50:22.540019
94,122,0,2026-09-07 23:50:22.540617
94,115,1,2026-09-07 23:50:22.541178
94,78,0,2026-09-07 23:50:22.541731
95,74,0,2026-09-07 23:50:22.542329
95,20,0,2026-09-07 23:50:22.542899
95,24,0,2026-09-07 23:50:22.543494
95,131,0,2026-09-07 23:50:22.544107
95,100,0,2026-09-07 23:50:22.544685
95,120,0,2026-09-07 23:50:22.545237
95,150,1,2026-09-07 23:50:22.545786
96,123,0,2026-09-07 23:50:22.546373
96,130,1,2026-09-07 23:50:22.546950
96,39,0,2026-09-07 23:50:22.547505
96,16,1,2026-09-07 23:50:22.548054
96,117,0,2026-09-07 23:50:22.548633
96,27,0,2026-09-07 23:50:22.549191
96,88,0,2026-09-07 23:50:22.549762
97,41,0,2026-09-07 23:50:22.550343
97,94,1,2026-09-07 23:50:22.550994
97,96,0,2026-09-07 23:50:22.551545
97,73,1,2026-09-07 23:50:22.552095
97,101,0,2026-09-07 23:50:22.552694
97,106,0,2026-09-07 23:50:22.553241
97,87,0,2026-09-07 23:50:22.554088
98,65,0,2026-09-07 23:50:22.554751
98,39,0,2026-09-07 23:50:22.555313
98,86,0,2026-09-07 23:50:22.555861
98,21,0,2026-09-07 23:50:22.556432
98,37,0,2026-09-07 23:50:22.557010
98,90,1,2026-09-07 23:50:22.557628
98,80,0,2026-09-07 23:50:22.558238
99,85,1,2026-09-07 23:50:22.558848
99,33,1,2026-09-07 23:50:22.559398
99,136,0,2026-09-07 23:50:22.559940
99,24,0,2026-09-07 23:50:22.560511
99,110,0,2026-09-07 23:50:22.561077
99,132,1,2026-09-07 23:50:22.561620
99,93,0,2026-09-07 23:50:22.562179
100,40,1,2026-09-07 23:50:22.562787
100,20,1,2026-09-07 23:50:22.563335
100,76,0,2026-09-07 23:50:22.563877
100,26,1,2026-09-07 23:50:22.564454
100,131,1,2026-09-07 23:50:22.565064
100,140,1,2026-09-07 23:50:22.565613
100,136,0,2026-09-07 23:50:22.566159
101,43,0,2026-09-07 23:50:22.566771
101,114,0,2026-09-07 23:50:22.567328
101,12,0,2026-09-07 23:50:22.567874
101,107,0,2026-09-07 23:50:22.568413
101,94,1,2026-09-07 23:50:22.568977
101,61,0,2026-09-07 23:50:22.569545
101,115,0,2026-09-07 23:50:22.570516
102,50,0,2026-09-07 23:50:22.571304
102,95,0,2026-09-07 23:50:22.571966
102,148,1,2026-09-07 23:50:22.572582
102,114,1,2026-09-07 23:50:22.573174
102,120,0,2026-09-07 23:50:22.573725
102,73,0,2026-09-07 23:50:22.574281
102,98,1,2026-09-07 23:50:22.574865
103,125,1,2026-09-07 23:50:22.575471
103,96,1,2026-09-07 23:50:22.576029
103,143,1,2026-09-07 23:50:22.576589
103,27,0,2026-09-07 23:50:22.577171
103,134,0,2026-09-07 23:50:22.577714
103,32,1,2026-09-07 23:50:22.578315
103,73,0,2026-09-07 23:50:22.578956
104,117,0,2026-09-07 23:50:22.579545
104,90,0,2026-09-07 23:50:22.580094
104,7,1,2026-09-07 23:50:22.580640
104,108,1,2026-09-07 23:50:22.581234
104,14,0,2026-09-07 23:50:22.581810
104,102,1,2026-09-07 23:50:22.582361
104,130,0,2026-09-07 23:50:22.582955
105,86,0,2026-09-07 23:50:22.583548
105,38,0,2026-09-07 23:50:22.584098
105,36,1,2026-09-07 23:50:22.584656
105,10,1,2026-09-07 23:50:22.585292
105,74,1,2026-09-07 23:50:22.586091
105,122,0,2026-09-07 23:50:22.586849
105,116,0,2026-09-07 23:50:22.587460
106,110,1,2026-09-07 23:50:22.588104
106,29,0,2026-09-07 23:50:22.588674
106,74,0,2026-09-07 23:50:22.589248
106,61,1,2026-09-07 23:50:22.589800
106,78,0,2026-09-07 23:50:22.590345
106,32,0,2026-09-07 23:50:22.590908
106,13,0,2026-09-07 23:50:22.591453
107,133,0,2026-09-07 23:50:22.592051
107,149,1,2026-09-07 23:50:22.592598
107,62,1,2026-09-07 23:50:22.593178
107,37,0,2026-09-07 23:50:22.593732
107,75,1,2026-09-07 23:50:22.594316
107,111,0,2026-09-07 23:50:22.594897
107,1,1,2026-09-07 23:50:22.595453
108,136,1,2026-09-07 23:50:22.596040
108,141,1,2026-09-07 23:50:22.596620
108,131,0,2026-09-07 23:50:22.597194
108,143,0,2026-09-07 23:50:22.597750
108,6,0,2026-09-07 23:50:22.598291
108,100,1,2026-09-07 23:50:22.598857
108,122,1,2026-09-07 23:50:22.599409
109,27,0,2026-09-07 23:50:22.600010
109,150,0,2026-09-07 23:50:22.600560
109,86,0,2026-09-07 23:50:22.601130
109,35,0,2026-09-07 23:50:22.601785
109,12,0,2026-09-07 23:50:22.602567
109,91,0,2026-09-07 23:50:22.603200
109,141,1,2026-09-07 23:50:22.603775
110,35,0,2026-09-07 23:50:22.604397
110,17,0,2026-09-07 23:50:22.604987
110,119,1,2026-09-07 23:50:22.605550
110,10,0,2026-09-07 23:50:22.606106
110,76,0,2026-09-07 23:50:22.606661
110,52,0,2026-09-07 23:50:22.607238
110,12,0,2026-09-07 23:50:22.607789
111,10,1,2026-09-07 23:50:22.608385
111,49,1,2026-09-07 23:50:22.608960
111,74,0,2026-09-07 23:50:22.609515
111,92,0,2026-09-07 23:50:22.610063
111,13,0,2026-09-07 23:50:22.610610
111,85,0,2026-09-07 23:50:22.611180
111,70,0,2026-09-07 23:50:22.611738
112,129,0,2026-09-07 23:50:22.612329
112,95,0,2026-09-07 23:50:22.612897
112,134,1,2026-09-07 23:50:22.613449
112,69,0,2026-09-07 23:50:22.614006
112,22,1,2026-09-07 23:50:22.614558
112,109,0,2026-09-07 23:50:22.615127
112,21,1,2026-09-07 23:50:22.615676
113,116,0,2026-09-07 23:50:22.616258
113,110,1,2026-09-07 23:50:22.616796
113,43,0,2026-09-07 23:50:22.617367
113,115,0,2026-09-07 23:50:22.618229
113,90,1,2026-09-07 23:50:22.618842
113,11,0,2026-09-07 23:50:22.619442
113,91,0,2026-09-07 23:50:22.620003
114,133,1,2026-09-07 23:50:22.620615
114,41,0,2026-09-07 23:50:22.621207
114,8,0,2026-09-07 23:50:22.621766
114,37,1,2026-09-07 23:50:22.622326
114,113,0,2026-09-07 23:50:22.622874
114,9,0,2026-09-07 23:50:22.623447
114,33,0,2026-09-07 23:50:22.623997
115,95,1,2026-09-07 23:50:22.624581
115,96,0,2026-09-07 23:50:22.625164
115,114,1,2026-09-07 23:50:22.625718
115,20,0,2026-09-07 23:50:22.626272
115,148,1,2026-09-07 23:50:22.626819
115,36,1,2026-09-07 23:50:22.627390
115,137,0,2026-09-07 23:50:22.627941
116,145,0,2026-09-07 23:50:22.628540
116,31,0,2026-09-07 23:50:22.629126
116,68,1,2026-09-07 23:50:22.629689
116,67,1,2026-09-07 23:50:22.630261
116,115,1,2026-09-07 23:50:22.630818
116,55,1,2026-09-07 23:50:22.631390
116,74,0,2026-09-07 23:50:22.631970
117,23,0,2026-09-07 23:50:22.632561
117,82,0,2026-09-07 23:50:22.633134
117,89,0,2026-09-07 23:50:22.634150
117,17,0,2026-09-07 23:50:22.634846
117,142,0,2026-09-07 23:50:22.635657
117,140,0,2026-09-07 23:50:22.636395
117,75,0,2026-09-07 23:50:22.636974
118,32,0,2026-09-07 23:50:22.637627
118,52,0,2026-09-07 23:50:22.638181
118,36,0,2026-09-07 23:50:22.638739
118,61,0,2026-09-07 23:50:22.639321
118,128,0,2026-09-07 23:50:22.639876
118,7,1,2026-09-07 23:50:22.640422
118,93,1,2026-09-07 23:50:22.640972
119,124,0,2026-09-07 23:50:22.641589
119,136,0,2026-09-07 23:50:22.642140
119,106,1,2026-09-07 23:50:22.642718
119,105,0,2026-09-07 23:50:22.643282
119,149,0,2026-09-07 23:50:22.643853
119,19,0,2026-09-07 23:50:22.644394
119,33,0,2026-09-07 23:50:22.644926
120,47,1,2026-09-07 23:50:22.645534
120,34,1,2026-09-07 23:50:22.646079
120,111,1,2026-09-07 23:50:22.646641
120,130,0,2026-09-07 23:50:22.647219
120,15,0,2026-09-07 23:50:22.647851
120,32,0,2026-09-07 23:50:22.648428
120,134,0,2026-09-07 23:50:22.648998
121,21,0,2026-09-07 23:50:22.649896
121,65,1,2026-09-07 23:50:22.650502
121,51,0,2026-09-07 23:50:22.651097
121,143,0,2026-09-07 23:50:22.651655
121,71,0,2026-09-07 23:50:22.652209
121,33,1,2026-09-07 23:50:22.652786
121,78,0,2026-09-07 23:50:22.653358
122,87,1,2026-09-07 23:50:22.653972
122,146,1,2026-09-07 23:50:22.654528
122,11,0,2026-09-07 23:50:22.655110
122,8,0,2026-09-07 23:50:22.655669
122,21,1,2026-09-07 23:50:22.656233
122,12,0,2026-09-07 23:50:22.656795
122,149,0,2026-09-07 23:50:22.657392
123,78,0,2026-09-07 23:50:22.658028
123,125,1,2026-09-07 23:50:22.658576
123,63,0,2026-09-07 23:50:22.659148
123,104,0,2026-09-07 23:50:22.659726
123,77,0,2026-09-07 23:50:22.660273
123,117,1,2026-09-07 23:50:22.660820
123,19,0,2026-09-07 23:50:22.661436
124,82,1,2026-09-07 23:50:22.662029
124,89,1,2026-09-07 23:50:22.662574
124,103,1,2026-09-07 23:50:22.663207
124,34,0,2026-09-07 23:50:22.663770
124,95,1,2026-09-07 23:50:22.664351
124,133,1,2026-09-07 23:50:22.664892
124,145,0,2026-09-07 23:50:22.665796
125,108,0,2026-09-07 23:50:22.666493
125,64,0,2026-09-07 23:50:22.667125
125,41,0,2026-09-07 23:50:22.667698
125,84,0,2026-09-07 23:50:22.668290
125,149,1,2026-09-07 23:50:22.668900
125,81,1,2026-09-07 23:50:22.669470
125,49,0,2026-09-07 23:50:22.670023
126,131,0,2026-09-07 23:50:22.670659
126,118,0,2026-09-07 23:50:22.671237
126,62,0,2026-09-07 23:50:22.671789
126,56,0,2026-09-07 23:50:22.672333
126,91,0,2026-09-07 23:50:22.672900
126,13,0,2026-09-07 23:50:22.673445
126,73,0,2026-09-07 23:50:22.673989
127,68,0,2026-09-07 23:50:22.674578
127,94,0,2026-09-07 23:50:22.675214
127,104,1,2026-09-07 23:50:22.675766
127,12,0,2026-09-07 23:50:22.676308
127,103,0,2026-09-07 23:50:22.676896
127,14,0,2026-09-07 23:50:22.677438
127,147,0,2026-09-07 23:50:22.677978
128,31,0,2026-09-07 23:50:22.678582
128,33,0,2026-09-07 23:50:22.679195
128,25,1,2026-09-07 23:50:22.679752
128,101,0,2026-09-07 23:50:22.680302
128,96,0,2026-09-07 23:50:22.680961
128,87,1,2026-09-07 23:50:22.681834
128,144,1,2026-09-07 23:50:22.682581
129,86,0,2026-09-07 23:50:22.683290
129,122,0,2026-09-07 23:50:22.683877
129,134,1,2026-09-07 23:50:22.684444
129,117,0,2026-09-07 23:50:22.685130
129,39,0,2026-09-07 23:50:22.685731
129,133,1,2026-09-07 23:50:22.686298
129,36,1,2026-09-07 23:50:22.686875
130,132,0,2026-09-07 23:50:22.687479
130,138,0,2026-09-07 23:50:22.688036
130,126,0,2026-09-07 23:50:22.688591
130,146,0,2026-09-07 23:50:22.689171
130,77,0,2026-09-07 23:50:22.689732
130,122,0,2026-09-07 23:50:22.690285
130,5,0,2026-09-07 23:50:22.690847
131,7,0,2026-09-07 23:50:22.691442
131,122,1,2026-09-07 23:50:22.691993
131,68,0,2026-09-07 23:50:22.692542
131,150,0,2026-09-07 23:50:22.693120
131,149,0,2026-09-07 23:50:22.693678
131,59,1,2026-09-07 23:50:22.694227
131,14,0,2026-09-07 23:50:22.694803
132,9,0,2026-09-07 23:50:22.695417
132,148,0,2026-09-07 23:50:22.696030
132,29,1,2026-09-07 23:50:22.696574
132,49,0,2026-09-07 23:50:22.697555
132,5,0,2026-09-07 23:50:22.698192
132,113,0,2026-09-07 23:50:22.698805
132,81,0,2026-09-07 23:50:22.699404
133,16,0,2026-09-07 23:50:22.700029
133,36,1,2026-09-07 23:50:22.700592
133,134,1,2026-09-07 23:50:22.701178
133,54,0,2026-09-07 23:50:22.701776
133,145,1,2026-09-07 23:50:22.702346
133,84,0,2026-09-07 23:50:22.702924
133,123,0,2026-09-07 23:50:22.703610
134,68,1,2026-09-07 23:50:22.704260
134,124,0,2026-09-07 23:50:22.704835
134,50,1,2026-09-07 23:50:22.705426
134,64,1,2026-09-07 23:50:22.705983
134,72,1,2026-09-07 23:50:22.706534
134,144,0,2026-09-07 23:50:22.707130
134,77,0,2026-09-07 23:50:22.707693
135,90,0,2026-09-07 23:50:22.708287
135,145,0,2026-09-07 23:50:22.708951
135,71,0,2026-09-07 23:50:22.709560
135,74,0,2026-09-07 23:50:22.710120
135,32,0,2026-09-07 23:50:22.710718
135,148,1,2026-09-07 23:50:22.711376
135,141,1,2026-09-07 23:50:22.711957
136,21,0,2026-09-07 23:50:22.712615
136,89,1,2026-09-07 23:50:22.713530
136,114,0,2026-09-07 23:50:22.714143
136,66,1,2026-09-07 23:50:22.714754
136,123,1,2026-09-07 23:50:22.715380
136,55,0,2026-09-07 23:50:22.715963
136,52,1,2026-09-07 23:50:22.716579
137,13,1,2026-09-07 23:50:22.717372
137,136,0,2026-09-07 23:50:22.717957
137,58,0,2026-09-07 23:50:22.718577
137,60,1,2026-09-07 23:50:22.719216
137,14,0,2026-09-07 23:50:22.719783
137,26,0,2026-09-07 23:50:22.720444
137,106,1,2026-09-07 23:50:22.721070
138,122,0,2026-09-07 23:50:22.721679
138,123,1,2026-09-07 23:50:22.722284
138,52,0,2026-09-07 23:50:22.723297
138,74,0,2026-09-07 23:50:22.724405
138,83,1,2026-09-07 23:50:22.725112
138,16,0,2026-09-07 23:50:22.725693
138,23,0,2026-09-07 23:50:22.726519
139,46,1,2026-09-07 23:50:22.727215
139,10,0,2026-09-07 23:50:22.727830
139,102,0,2026-09-07 23:50:22.728502
139,127,0,2026-09-07 23:50:22.729342
139,48,0,2026-09-07 23:50:22.729969
139,75,0,2026-09-07 23:50:22.730612
139,3,0,2026-09-07 23:50:22.731211
140,35,1,2026-09-07 23:50:22.731924
140,130,0,2026-09-07 23:50:22.732563
140,120,0,2026-09-07 23:50:22.733166
140,70,1,2026-09-07 23:50:22.733762
140,50,0,2026-09-07 23:50:22.734352
140,29,0,2026-09-07 23:50:22.734934
140,85,0,2026-09-07 23:50:22.735627
141,50,1,2026-09-07 23:50:22.736242
141,45,1,2026-09-07 23:50:22.736838
141,104,0,2026-09-07 23:50:22.737421
141,110,0,2026-09-07 23:50:22.738016
141,132,0,2026-09-07 23:50:22.738575
141,84,1,2026-09-07 23:50:22.739206
141,23,1,2026-09-07 23:50:22.739826
142,115,0,2026-09-07 23:50:22.740440
142,69,0,2026-09-07 23:50:22.741098
142,85,1,2026-09-07 23:50:22.741730
142,78,1,2026-09-07 23:50:22.742342
142,148,0,2026-09-07 23:50:22.742968
142,3,0,2026-09-07 23:50:22.743571
142,67,0,2026-09-07 23:50:22.744196
143,80,1,2026-09-07 23:50:22.745284
143,31,0,2026-09-07 23:50:22.746046
143,76,0,2026-09-07 23:50:22.770124
143,95,1,2026-09-07 23:50:22.770900
143,57,0,2026-09-07 23:50:22.771584
143,35,0,2026-09-07 23:50:22.772210
143,123,0,2026-09-07 23:50:22.773008
144,56,1,2026-09-07 23:50:22.773685
144,64,0,2026-09-07 23:50:22.774347
144,21,1,2026-09-07 23:50:22.774957
144,135,0,2026-09-07 23:50:22.775551
144,115,0,2026-09-07 23:50:22.776390
144,136,0,2026-09-07 23:50:22.777143
144,93,1,2026-09-07 23:50:22.777765
145,84,0,2026-09-07 23:50:22.778492
145,134,0,2026-09-07 23:50:22.779088
145,114,1,2026-09-07 23:50:22.779691
145,30,1,2026-09-07 23:50:22.780393
145,53,0,2026-09-07 23:50:22.781000
145,126,0,2026-09-07 23:50:22.781669
145,24,0,2026-09-07 23:50:22.782272
146,79,1,2026-09-07 23:50:22.782886
146,6,0,2026-09-07 23:50:22.783532
146,102,0,2026-09-07 23:50:22.784132
146,66,0,2026-09-07 23:50:22.784693
146,1,1,2026-09-07 23:50:22.785344
146,56,0,2026-09-07 23:50:22.785964
146,150,0,2026-09-07 23:50:22.786536
147,121,1,2026-09-07 23:50:22.787399
147,9,0,2026-09-07 23:50:22.788017
147,74,0,2026-09-07 23:50:22.788591
147,105,0,2026-09-07 23:50:22.789244
147,47,0,2026-09-07 23:50:22.789901
147,35,1,2026-09-07 23:50:22.790538
147,108,0,2026-09-07 23:50:22.791506
148,139,0,2026-09-07 23:50:22.792775
148,35,0,2026-09-07 23:50:22.793675
148,90,1,2026-09-07 23:50:22.794354
148,31,1,2026-09-07 23:50:22.794994
148,46,1,2026-09-07 23:50:22.795686
148,138,1,2026-09-07 23:50:22.796267
148,101,0,2026-09-07 23:50:22.796887
149,140,1,2026-09-07 23:50:22.797540
149,109,1,2026-09-07 23:50:22.798114
149,137,0,2026-09-07 23:50:22.798673
149,98,0,2026-09-07 23:50:22.799226
149,59,1,2026-09-07 23:50:22.799815
149,64,0,2026-09-07 23:50:22.800437
149,118,0,2026-09-07 23:50:22.801006
150,5,0,2026-09-07 23:50:22.801632
150,62,0,2026-09-07 23:50:22.802194
150,53,1,2026-09-07 23:50:22.802743
150,18,0,2026-09-07 23:50:22.803294
150,26,1,2026-09-07 23:50:22.803866
150,9,1,2026-09-07 23:50:22.804414
150,115,1,2026-09-07 23:50:22.804966
